gameID,Home_Predicted_Score,Home_Actual_Score,Away_Predicted_Score,Away_Actual_Score,spread,total,Predicted_Winner,Actual_Winner,Predicted_Spread,Actual_Spread,Predicted_Total,Actual_Total
202311200SAS,112.18,99,115.73,124,8.5,230.5,away,away,3.549999999999997,25,227.91000000000003,223
202401240MIL,110.75,126,117.85,116,-6.5,238.0,away,home,7.099999999999994,-10,228.6,242
202404140SAS,114.36,123,107.3,95,-4.5,221.5,home,home,-7.060000000000002,-28,221.66,218
202403290WAS,110.29,87,112.81,96,-3.5,230.0,away,away,2.519999999999996,9,223.10000000000002,183
202312160DEN,119.51,117,117.38,118,-5.0,237.5,home,away,-2.1300000000000097,1,236.89,235
202311240IND,124.73,136,113.39,113,-9.5,247.0,home,home,-11.340000000000003,-23,238.12,249
202203140OKC,117.14,116,117.08,134,12.0,229.5,home,away,-0.060000000000002274,18,234.22,250
202112040POR,107.58,117,105.06,145,-1.0,212.0,home,away,-2.519999999999996,28,212.64,262
202304090MIA,111.96,123,109.74,110,-5.5,217.5,home,home,-2.219999999999999,-13,221.7,233
202303070ORL,111.73,123,112.97,134,2.5,227.5,away,away,1.2399999999999949,11,224.7,257
202302030SAS,113.45,125,122.97,137,10.5,234.0,away,away,9.519999999999996,12,236.42000000000002,262
202201150BOS,109.5,114,106.24,112,-8.0,214.5,home,home,-3.260000000000005,-2,215.74,226
202204070MIL,116.2,127,118.15,121,-8.5,227.5,away,home,1.9500000000000028,-6,234.35000000000002,248
202112080LAC,105.04,114,108.33,111,1.0,209.0,away,home,3.289999999999992,-3,213.37,225
202201030CHI,112.84,102,106.52,98,-13.0,217.5,home,home,-6.320000000000007,-4,219.36,200
202312150SAS,113.86,129,119.41,115,4.0,235.5,away,home,5.549999999999997,-14,233.26999999999998,244
202312230TOR,117.79,119,115.65,126,-5.5,232.5,home,away,-2.1400000000000006,7,233.44,245
202212160TOR,110.14,116,108.99,119,1.0,223.5,home,away,-1.1500000000000057,3,219.13,235
202312220PHI,120.13,121,112.06,111,-8.0,230.5,home,home,-8.069999999999993,-10,232.19,232
202203180PHI,108.29,111,108.65,101,-4.5,217.0,away,home,0.35999999999999943,-10,216.94,212
202312280NOP,121.2,112,115.81,105,-9.0,239.5,home,home,-5.390000000000001,-7,237.01,217
202403160NOP,114.2,126,106.66,107,-13.0,215.5,home,home,-7.540000000000006,-19,220.86,233
202201290NOP,107.0,97,108.68,107,6.5,212.5,away,away,1.6800000000000068,10,215.68,204
202212230LAL,115.37,130,115.65,134,-3.0,242.5,away,away,0.28000000000000114,4,231.02,264
202401010NYK,111.41,112,111.73,106,1.0,222.0,away,home,0.3200000000000074,-6,223.14,218
202303170ATL,119.12,127,121.14,119,3.5,250.5,away,home,2.019999999999996,-8,240.26,246
202401140MIL,124.16,143,117.68,142,-4.0,246.5,home,home,-6.47999999999999,-1,241.84,285
202112150POR,103.06,103,114.26,113,-2.5,218.5,away,away,11.200000000000003,10,217.32,216
202201260CLE,108.02,115,104.37,99,4.5,216.5,home,home,-3.6499999999999915,-16,212.39,214
202203110ATL,111.48,112,111.54,106,-7.5,225.5,away,home,0.060000000000002274,-6,223.02,218
202203260MIA,113.64,95,108.03,110,2.5,231.0,home,away,-5.609999999999999,15,221.67000000000002,205
202404060MEM,108.76,96,110.14,116,14.5,214.5,away,away,1.3799999999999955,20,218.9,212
202201280SAS,117.36,131,110.35,122,-1.5,231.5,home,home,-7.010000000000005,-9,227.70999999999998,253
202211120PHI,114.87,121,113.94,109,-2.5,223.0,home,home,-0.9300000000000068,-12,228.81,230
202212050GSW,118.64,104,114.24,112,-12.5,240.5,home,away,-4.400000000000006,8,232.88,216
202203300HOU,114.0,118,114.2,121,3.0,231.0,away,away,0.20000000000000284,3,228.2,239
202301040NOP,118.8,119,114.34,108,-7.0,228.5,home,home,-4.459999999999994,-11,233.14,227
202302150DEN,115.39,118,110.54,109,-6.5,229.0,home,home,-4.849999999999994,-9,225.93,227
202202110UTA,106.33,114,108.18,99,-12.0,222.5,away,home,1.8500000000000085,-15,214.51,213
202301140MIN,117.02,110,112.82,102,4.5,224.5,home,home,-4.200000000000003,-8,229.83999999999997,212
202111300BRK,109.69,112,107.48,110,-5.5,215.5,home,home,-2.2099999999999937,-2,217.17000000000002,222
202111270UTA,112.13,127,104.52,105,-12.5,215.0,home,home,-7.609999999999999,-22,216.64999999999998,232
202303250LAC,109.27,110,110.8,131,-5.0,224.5,away,away,1.5300000000000011,21,220.07,241
202212310UTA,109.98,123,113.0,126,-4.0,225.0,away,away,3.019999999999996,3,222.98000000000002,249
202312230OKC,118.85,120,115.88,129,-3.5,239.0,home,away,-2.969999999999999,9,234.73,249
202112010WAS,110.77,115,111.62,107,-3.5,217.5,away,home,0.8500000000000085,-8,222.39,222
202212210OKC,115.79,101,114.82,98,4.0,233.5,home,home,-0.9700000000000131,-3,230.61,199
202201150ATL,109.06,108,108.5,117,-2.5,211.5,home,away,-0.5600000000000023,9,217.56,225
202302260POR,126.36,131,114.82,114,-9.5,230.5,home,home,-11.540000000000006,-17,241.18,245
202303260ATL,121.89,119,122.46,123,1.5,248.0,away,away,0.5699999999999932,4,244.35,242
202303240POR,110.73,96,115.91,124,7.5,219.5,away,away,5.179999999999993,28,226.64,220
202312210CLE,115.76,104,113.92,123,3.5,225.0,home,away,-1.8400000000000034,19,229.68,227
202311010NYK,110.79,89,105.45,95,-5.5,210.5,home,away,-5.340000000000003,6,216.24,184
202201190PHI,114.62,123,103.65,110,-12.0,213.5,home,home,-10.969999999999999,-13,218.27,233
202212200MIA,113.91,103,107.3,113,-1.5,222.0,home,away,-6.609999999999999,10,221.20999999999998,216
202212090ORL,108.36,113,112.94,109,7.5,227.5,away,home,4.579999999999998,-4,221.3,222
202402260MEM,106.7,86,108.2,111,2.5,214.5,away,away,1.5,25,214.9,197
202112030BRK,118.46,110,109.45,105,-9.0,219.5,home,home,-9.009999999999991,-5,227.91,215
202301250SAC,119.96,95,117.01,113,-3.5,237.5,home,away,-2.9499999999999886,18,236.97,208
202203160HOU,113.44,112,119.9,129,10.5,236.5,away,away,6.460000000000008,17,233.34,241
202212300TOR,118.26,113,116.77,104,-2.0,221.5,home,home,-1.490000000000009,-9,235.03,217
202212190SAC,118.98,119,109.61,125,-10.0,242.0,home,away,-9.370000000000005,6,228.59,244
202112110MEM,114.96,113,108.17,106,-8.5,218.5,home,home,-6.789999999999992,-7,223.13,219
202304070MIL,120.08,114,116.47,137,9.0,231.0,home,away,-3.6099999999999994,23,236.55,251
202112210DAL,109.05,114,105.66,102,3.5,212.5,home,home,-3.3900000000000006,-12,214.70999999999998,216
202210230ATL,117.4,109,111.47,126,-10.0,227.0,home,away,-5.930000000000007,17,228.87,235
202402290BRK,115.76,124,119.98,97,-1.5,220.5,away,home,4.219999999999999,-27,235.74,221
202401110OKC,123.98,139,112.99,77,-10.5,238.5,home,home,-10.990000000000009,-62,236.97,216
202203120SAS,118.25,108,120.61,119,-2.5,238.5,away,away,2.3599999999999994,11,238.86,227
202303230BRK,110.79,114,116.38,116,3.5,219.0,away,away,5.589999999999989,2,227.17000000000002,230
202403090GSW,117.67,113,113.24,126,-12.5,225.5,home,away,-4.430000000000007,13,230.91,239
202402040BOS,117.84,131,105.87,91,-18.5,219.5,home,home,-11.969999999999999,-40,223.71,222
202111230DET,104.51,92,107.43,100,10.5,208.0,away,away,2.9200000000000017,8,211.94,192
202402020MEM,114.13,101,105.13,121,7.5,225.0,home,away,-9.0,20,219.26,222
202303150SAS,113.57,128,116.91,137,4.5,225.5,away,away,3.3400000000000034,9,230.48,265
202402230OKC,126.56,147,114.31,106,-16.0,243.0,home,home,-12.25,-41,240.87,253
202303220WAS,115.64,104,117.35,118,9.0,225.5,away,away,1.7099999999999937,14,232.99,222
202203040DEN,122.07,116,110.53,101,-8.5,233.5,home,home,-11.539999999999992,-15,232.6,217
202212270TOR,111.77,113,109.69,124,-3.5,218.5,home,away,-2.0799999999999983,11,221.45999999999998,237
202302230IND,111.08,138,119.8,142,8.5,233.5,away,away,8.719999999999999,4,230.88,280
202312220GSW,124.74,129,115.97,118,-10.5,248.5,home,home,-8.769999999999996,-11,240.70999999999998,247
202404110BOS,120.31,109,109.28,118,-3.5,221.5,home,away,-11.030000000000001,9,229.59,227
202303200NYK,117.65,134,110.4,140,-8.0,228.0,home,away,-7.25,6,228.05,274
202204100BRK,117.35,134,119.1,126,-17.0,244.0,away,home,1.75,-8,236.45,260
202212140TOR,109.42,123,108.71,124,-5.0,232.0,home,away,-0.710000000000008,1,218.13,247
202201030LAC,105.23,104,106.24,122,-2.5,211.5,away,away,1.009999999999991,18,211.47,226
202112230IND,114.22,118,109.08,106,-7.0,224.0,home,home,-5.140000000000001,-12,223.3,224
202312060DET,110.63,102,113.56,116,0.5,216.5,away,away,2.930000000000007,14,224.19,218
202402060IND,117.72,132,116.76,129,-8.5,243.5,home,home,-0.9599999999999937,-3,234.48000000000002,261
202401120DEN,116.75,125,116.16,113,-5.5,230.0,home,home,-0.5900000000000034,-12,232.91,238
202204080UTA,115.86,105,113.62,111,-3.5,228.5,home,away,-2.239999999999995,6,229.48000000000002,216
202111120NOP,104.75,112,110.94,120,4.5,228.5,away,away,6.189999999999998,8,215.69,232
202203120MIA,116.49,104,109.89,113,-4.0,229.5,home,away,-6.599999999999994,9,226.38,217
202111110LAC,108.39,112,107.07,109,-3.5,221.5,home,home,-1.3200000000000074,-3,215.45999999999998,221
202402130ORL,115.98,113,109.49,127,2.5,222.5,home,away,-6.490000000000009,14,225.47,240
202312310OKC,121.15,124,118.17,108,-7.5,235.0,home,home,-2.980000000000004,-16,239.32,232
202212090BRK,116.5,120,105.49,116,-7.5,232.5,home,home,-11.010000000000005,-4,221.99,236
202111150CLE,103.02,92,95.4,98,-3.5,189.5,home,away,-7.61999999999999,6,198.42000000000002,190
202301190BOS,122.33,121,115.74,118,-7.0,241.5,home,home,-6.590000000000003,-3,238.07,239
202112170ATL,112.66,115,109.18,133,-3.5,225.5,home,away,-3.4799999999999898,18,221.84,248
202211230GSW,114.66,124,110.28,107,-10.0,223.0,home,home,-4.3799999999999955,-17,224.94,231
202312310NOP,119.0,129,112.27,109,-5.5,233.0,home,home,-6.730000000000004,-20,231.26999999999998,238
202301230HOU,114.38,119,116.06,114,6.0,232.0,away,home,1.6800000000000068,-5,230.44,233
202211150UTA,118.58,111,114.8,118,-4.0,232.0,home,away,-3.780000000000001,7,233.38,229
202403180BOS,124.44,119,105.37,94,-15.5,221.0,home,home,-19.069999999999993,-25,229.81,213
202112120LAL,109.56,106,108.25,94,-11.5,222.5,home,home,-1.3100000000000023,-12,217.81,200
202212270SAC,119.24,106,117.74,113,3.5,237.0,home,away,-1.5,7,236.98,219
202401130ATL,123.27,99,116.94,127,-8.0,248.5,home,away,-6.329999999999998,28,240.20999999999998,226
202210280MIL,107.03,119,108.46,108,-6.5,223.5,away,home,1.4299999999999926,-11,215.49,227
202301080HOU,115.84,96,116.98,104,4.0,232.5,away,away,1.1400000000000006,8,232.82,200
202301220DAL,113.27,98,109.17,112,-2.0,221.5,home,away,-4.099999999999994,14,222.44,210
202201010UTA,113.09,116,107.63,123,-5.5,223.5,home,away,-5.460000000000008,7,220.72,239
202112070LAL,112.63,117,110.02,102,-2.5,218.5,home,home,-2.6099999999999994,-15,222.64999999999998,219
202203160SAC,114.51,126,118.24,135,8.5,242.0,away,away,3.7299999999999898,9,232.75,261
202212300ATL,116.44,121,118.69,130,-9.5,253.5,away,away,2.25,9,235.13,251
202304020MIL,118.72,117,117.92,104,-5.0,236.0,home,home,-0.7999999999999972,-13,236.64,221
202210260NYK,117.31,134,114.4,131,-7.5,224.0,home,home,-2.9099999999999966,-3,231.71,265
202201190ATL,118.75,134,115.22,122,-1.0,235.5,home,home,-3.530000000000001,-12,233.97,256
202403210MIL,115.33,115,107.67,108,-10.5,222.0,home,home,-7.659999999999997,-7,223.0,223
202401090NYK,123.81,112,109.88,84,-13.0,229.0,home,home,-13.930000000000007,-28,233.69,196
202202080NOP,117.24,110,106.54,97,-8.0,224.5,home,home,-10.699999999999989,-13,223.78,207
202312160CLE,115.94,127,115.62,119,-4.5,236.5,home,home,-0.3199999999999932,-8,231.56,246
202403120LAC,110.55,100,112.41,118,-5.5,213.5,away,away,1.8599999999999994,18,222.95999999999998,218
202401290MIA,114.0,105,114.97,118,-2.5,230.5,away,away,0.9699999999999989,13,228.97,223
202404120OKC,115.87,125,108.45,107,-14.0,224.0,home,home,-7.420000000000002,-18,224.32,232
202401150ATL,118.44,109,120.43,99,-8.5,246.0,away,home,1.990000000000009,-10,238.87,208
202403270ORL,111.42,93,108.73,101,-4.0,218.0,home,away,-2.6899999999999977,8,220.15,194
202401250BRK,108.92,94,114.31,96,4.0,218.0,away,away,5.390000000000001,2,223.23000000000002,190
202202020IND,112.86,118,111.99,119,-3.5,225.5,home,away,-0.8700000000000045,1,224.85,237
202401050DAL,119.92,139,110.14,103,-7.0,234.0,home,home,-9.780000000000001,-36,230.06,242
202311080MEM,110.14,102,106.4,108,2.0,217.0,home,away,-3.739999999999995,6,216.54000000000002,210
202111200SAC,108.17,105,108.85,123,17.5,229.5,away,away,0.6799999999999926,18,217.01999999999998,228
202201140PHI,109.4,111,104.75,99,-3.0,207.5,home,home,-4.650000000000006,-12,214.15,210
202211050ATL,109.33,124,115.01,121,-1.5,234.5,away,home,5.680000000000007,-3,224.34,245
202404140NYK,117.49,120,112.41,119,-13.5,218.0,home,home,-5.079999999999998,-1,229.89999999999998,239
202311210PHI,117.8,119,113.38,122,-8.0,218.5,home,away,-4.420000000000002,3,231.18,241
202303190MIL,117.23,118,112.78,111,-7.5,234.0,home,home,-4.450000000000003,-7,230.01,229
202303020DAL,120.02,133,112.42,126,-3.0,229.0,home,home,-7.599999999999994,-7,232.44,259
202303010NYK,113.01,142,110.36,118,-8.0,223.5,home,home,-2.6500000000000057,-24,223.37,260
202203180SAC,110.84,97,115.64,126,10.5,220.5,away,away,4.799999999999997,29,226.48000000000002,223
202402070LAC,117.56,106,116.23,117,-5.5,234.5,home,away,-1.3299999999999983,11,233.79000000000002,223
202402100ORL,110.05,114,107.98,108,-5.0,218.0,home,home,-2.069999999999993,-6,218.03,222
202401080MIA,112.57,120,110.71,113,-4.5,218.5,home,home,-1.8599999999999994,-7,223.27999999999997,233
202312200CHI,115.15,124,114.11,108,3.5,225.0,home,home,-1.0400000000000063,-16,229.26,232
202201160MIN,112.13,119,107.97,99,-5.0,215.0,home,home,-4.159999999999997,-20,220.1,218
202402140ORL,113.36,118,106.68,100,-3.5,211.5,home,home,-6.679999999999993,-18,220.04000000000002,218
202402140MEM,109.76,121,110.14,113,-1.5,220.5,away,home,0.37999999999999545,-8,219.9,234
202211020LAL,116.16,120,115.68,117,2.5,229.5,home,home,-0.47999999999998977,-3,231.84,237
202203110LAL,113.45,122,116.11,109,-4.5,230.5,away,home,2.6599999999999966,-13,229.56,231
202202020NYK,109.36,108,109.93,120,4.0,218.0,away,away,0.5700000000000074,12,219.29000000000002,228
202401300ATL,118.12,138,118.86,122,-5.5,247.5,away,home,0.7399999999999949,-16,236.98000000000002,260
202401050DEN,121.52,120,111.33,122,-10.0,224.0,home,away,-10.189999999999998,2,232.85,242
202403300NOP,117.47,92,110.05,104,6.0,223.5,home,away,-7.420000000000002,12,227.51999999999998,196
202211270BOS,120.64,130,109.89,121,-8.0,220.5,home,home,-10.75,-9,230.53,251
202211290DAL,111.74,116,110.0,113,-1.0,227.0,home,home,-1.7399999999999949,-3,221.74,229
202402140PHI,110.52,104,116.71,109,-2.5,226.5,away,away,6.189999999999998,5,227.23,213
202203110MIA,109.17,117,106.17,105,-8.0,210.0,home,home,-3.0,-12,215.34,222
202303270IND,124.02,104,119.91,127,7.5,238.0,home,away,-4.109999999999999,23,243.93,231
202212280GSW,117.17,112,119.61,107,4.5,232.5,away,home,2.4399999999999977,-5,236.78,219
202401290BOS,118.71,118,111.26,112,-9.5,234.5,home,home,-7.449999999999989,-6,229.97,230
202312110NOP,112.42,121,112.78,107,-4.0,222.0,away,home,0.35999999999999943,-14,225.2,228
202211050NYK,116.66,118,112.23,133,4.0,227.0,home,away,-4.429999999999993,15,228.89,251
202404120POR,108.12,107,117.52,116,6.0,218.0,away,away,9.399999999999991,9,225.64,223
202112120NYK,109.06,97,108.68,112,6.0,216.0,home,away,-0.37999999999999545,15,217.74,209
202201310CLE,107.16,93,105.35,90,-4.5,207.5,home,home,-1.8100000000000023,-3,212.51,183
202210180BOS,108.59,126,107.33,117,-3.0,216.5,home,home,-1.2600000000000051,-9,215.92000000000002,243
202203090DET,110.92,108,110.33,114,6.5,228.5,home,away,-0.5900000000000034,6,221.25,222
202203180NYK,113.73,100,110.48,97,-6.5,224.5,home,home,-3.25,-3,224.21,197
202204030SAS,123.13,113,113.19,92,-13.5,229.5,home,home,-9.939999999999998,-21,236.32,205
202301080DET,113.44,111,114.97,123,5.5,229.5,away,away,1.5300000000000011,12,228.41,234
202303010DET,108.93,115,113.31,117,7.0,222.5,away,away,4.3799999999999955,2,222.24,232
202211070DET,113.4,112,113.19,103,4.5,225.5,home,home,-0.21000000000000796,-9,226.59,215
202212090DAL,115.24,105,109.35,106,1.0,224.5,home,away,-5.890000000000001,1,224.58999999999997,211
202112260LAC,103.87,100,105.92,103,3.5,212.0,away,away,2.049999999999997,3,209.79000000000002,203
202403250CLE,110.43,115,107.57,92,-11.0,206.0,home,home,-2.8600000000000136,-23,218.0,207
202201070LAL,111.69,134,107.6,118,-0.5,231.0,home,home,-4.090000000000003,-16,219.29,252
202310270CLE,108.53,105,107.87,108,-2.5,225.5,home,away,-0.6599999999999966,3,216.4,213
202301120BRK,119.32,98,111.71,109,1.0,224.5,home,away,-7.609999999999999,11,231.02999999999997,207
202203090HOU,114.19,139,113.3,130,9.5,238.5,home,home,-0.8900000000000006,-9,227.49,269
202304050ATL,124.48,134,119.12,116,-10.5,235.5,home,home,-5.359999999999999,-18,243.60000000000002,250
202311060OKC,114.32,126,114.76,117,-3.5,238.5,away,home,0.44000000000001194,-9,229.07999999999998,243
202403100LAL,117.36,120,114.77,109,-5.0,226.0,home,home,-2.5900000000000034,-11,232.13,229
202312130WAS,115.52,122,119.35,142,7.0,240.0,away,away,3.8299999999999983,20,234.87,264
202403040MIL,114.71,113,106.01,106,3.0,222.5,home,home,-8.699999999999989,-7,220.72,219
202403230CHI,114.23,113,118.76,124,5.0,219.0,away,away,4.530000000000001,11,232.99,237
202301010DEN,119.27,123,113.33,111,4.0,234.0,home,home,-5.939999999999998,-12,232.6,234
202311010TOR,114.9,130,110.55,111,4.5,223.5,home,home,-4.3500000000000085,-19,225.45,241
202402270CLE,112.2,121,110.3,119,-4.0,231.5,home,home,-1.9000000000000057,-2,222.5,240
202310250ORL,116.72,116,110.3,86,-4.5,219.5,home,home,-6.420000000000002,-30,227.01999999999998,202
202204050MIA,117.47,144,110.52,115,-4.5,225.5,home,home,-6.950000000000003,-29,227.99,259
202402110MIA,111.68,106,120.24,110,8.0,225.0,away,away,8.559999999999988,4,231.92000000000002,216
202212230BOS,112.82,121,109.49,109,-10.5,226.5,home,home,-3.3299999999999983,-12,222.31,230
202312110HOU,115.58,93,106.11,82,-9.0,224.0,home,home,-9.469999999999999,-11,221.69,175
202112100MIN,110.99,106,107.87,123,2.5,216.5,home,away,-3.1199999999999903,17,218.86,229
202201050WAS,116.6,111,112.34,114,-7.0,231.5,home,away,-4.259999999999991,3,228.94,225
202312080MIA,121.66,99,110.81,111,1.5,223.0,home,away,-10.849999999999994,12,232.47,210
202310280CLE,115.23,113,109.93,125,4.0,221.0,home,away,-5.299999999999997,12,225.16000000000003,238
202112180DET,110.21,107,113.59,116,1.5,220.5,away,away,3.3800000000000097,9,223.8,223
202312070MIL,128.04,119,122.44,128,-5.0,257.0,home,away,-5.599999999999994,9,250.48,247
202401010DEN,118.2,111,107.3,93,-17.0,224.5,home,home,-10.900000000000006,-18,225.5,204
202401030ATL,118.97,141,125.01,138,-1.0,249.0,away,home,6.040000000000006,-3,243.98000000000002,279
202312230IND,123.09,110,116.89,117,-2.5,245.0,home,away,-6.200000000000003,7,239.98000000000002,227
202303100MIA,108.35,119,111.91,115,-3.0,211.5,away,home,3.5600000000000023,-4,220.26,234
202211040BOS,105.86,123,108.76,119,-7.5,223.0,away,home,2.9000000000000057,-4,214.62,242
202301120LAL,118.52,115,116.22,119,2.5,236.5,home,away,-2.299999999999997,4,234.74,234
202201120SAS,118.57,124,110.46,128,-7.0,234.0,home,away,-8.11,4,229.02999999999997,252
202403020MIA,117.08,126,108.38,120,-9.0,223.5,home,home,-8.700000000000003,-6,225.45999999999998,246
202311200DET,112.37,103,115.44,107,9.5,225.5,away,away,3.069999999999993,4,227.81,210
202203090MIL,117.73,124,118.82,115,-2.5,241.5,away,home,1.0899999999999892,-9,236.55,239
202301230UTA,121.02,120,116.82,102,-9.0,236.5,home,home,-4.200000000000003,-18,237.83999999999997,222
202301200ORL,113.87,123,113.09,110,0.5,230.0,home,home,-0.7800000000000011,-13,226.96,233
202112280TOR,106.57,109,109.28,114,5.5,211.5,away,away,2.710000000000008,5,215.85,223
202112100ATL,112.87,105,108.88,113,-1.5,227.5,home,away,-3.990000000000009,8,221.75,218
202403250DEN,114.01,128,107.82,103,-12.5,214.5,home,home,-6.190000000000012,-25,221.82999999999998,231
202312220MIA,121.6,122,119.78,113,1.0,238.5,home,home,-1.8199999999999932,-9,241.38,235
202303170CHI,115.23,139,109.28,131,-2.5,220.5,home,home,-5.950000000000003,-8,224.51,270
202303050BRK,107.49,102,107.19,86,-8.0,230.0,home,home,-0.29999999999999716,-16,214.68,188
202401040SAS,115.21,121,124.16,125,11.0,248.0,away,away,8.950000000000003,4,239.37,246
202403080LAL,118.57,123,117.37,122,4.5,229.5,home,home,-1.1999999999999886,-1,235.94,245
202312230ATL,122.44,119,116.84,125,-1.5,237.0,home,away,-5.599999999999994,6,239.28,244
202402230HOU,117.52,114,115.97,110,3.0,235.0,home,home,-1.5499999999999972,-4,233.49,224
202202150ATL,112.25,124,108.85,116,-2.5,224.5,home,home,-3.4000000000000057,-8,221.1,240
202304060SAS,115.15,129,112.25,127,-5.5,228.0,home,home,-2.9000000000000057,-2,227.4,256
202212120SAS,108.98,112,114.35,111,9.5,221.0,away,home,5.36999999999999,-1,223.32999999999998,223
202202010CHI,112.35,126,108.97,115,-7.5,222.5,home,home,-3.3799999999999955,-11,221.32,241
202404120GSW,113.92,109,109.46,114,-4.0,223.0,home,away,-4.460000000000008,5,223.38,223
202402260NYK,113.99,113,112.15,111,-11.0,226.0,home,home,-1.8399999999999892,-2,226.14,224
202212070TOR,113.5,126,119.46,113,-12.5,229.0,away,home,5.959999999999994,-13,232.95999999999998,239
202112280SAC,106.68,117,110.86,111,-5.5,224.5,away,home,4.179999999999993,-6,217.54000000000002,228
202204100MIN,120.7,120,114.34,124,-7.5,229.5,home,away,-6.359999999999999,4,235.04000000000002,244
202212170LAC,112.87,102,111.41,93,-5.0,219.5,home,home,-1.460000000000008,-9,224.28,195
202201050IND,110.21,121,111.53,129,7.5,223.5,away,away,1.3200000000000074,8,221.74,250
202201300MIL,110.74,100,112.6,136,-6.5,232.5,away,away,1.8599999999999994,36,223.33999999999997,236
202312020CHI,102.3,124,111.25,118,1.5,219.0,away,home,8.950000000000003,-6,213.55,242
202212210MIN,117.99,99,107.23,104,2.5,227.5,home,away,-10.759999999999991,5,225.22,203
202402030ATL,119.35,141,120.98,134,-2.5,244.5,away,home,1.6300000000000097,-7,240.32999999999998,275
202303260POR,115.41,112,116.43,118,10.5,232.5,away,away,1.0200000000000102,6,231.84,230
202202260MIL,119.14,123,112.48,126,-9.5,238.0,home,away,-6.659999999999997,3,231.62,249
202301160MEM,120.41,136,104.59,106,-12.5,231.5,home,home,-15.819999999999993,-30,225.0,242
202311220MIN,115.18,112,114.76,99,-7.0,221.0,home,home,-0.4200000000000017,-13,229.94,211
202311150POR,108.52,95,108.06,109,9.5,217.5,home,away,-0.45999999999999375,14,216.57999999999998,204
202312200ORL,114.5,106,110.38,115,-5.5,219.5,home,away,-4.1200000000000045,9,224.88,221
202112080SAC,111.01,142,107.99,130,-7.5,223.5,home,home,-3.0200000000000102,-12,219.0,272
202403240MIA,107.7,121,106.71,84,-3.5,202.5,home,home,-0.9900000000000091,-37,214.41,205
202204020ATL,124.23,122,117.34,115,2.5,242.5,home,home,-6.890000000000001,-7,241.57,237
202204030IND,113.54,117,117.94,121,-4.5,232.5,away,away,4.3999999999999915,4,231.48000000000002,238
202302010MIN,123.51,119,112.01,114,5.5,240.5,home,home,-11.5,-5,235.52,233
202403120NYK,99.64,106,104.84,79,-6.5,207.5,away,home,5.200000000000003,-27,204.48000000000002,185
202312140BOS,113.65,116,107.31,107,-8.5,227.0,home,home,-6.340000000000003,-9,220.96,223
202302230DAL,121.98,142,112.81,116,-14.0,239.5,home,home,-9.170000000000002,-26,234.79000000000002,258
202401050BRK,116.58,124,122.38,115,4.5,234.0,away,home,5.799999999999997,-9,238.95999999999998,239
202303010POR,116.78,110,109.49,121,-3.0,235.0,home,away,-7.290000000000006,11,226.26999999999998,231
202301240IND,112.52,116,117.06,110,2.0,234.5,away,home,4.540000000000006,-6,229.57999999999998,226
202312250LAL,116.47,115,117.95,126,6.5,235.5,away,away,1.480000000000004,11,234.42000000000002,241
202401150BRK,111.17,95,110.71,96,1.0,221.0,home,away,-0.46000000000000796,1,221.88,191
202201100BOS,110.0,101,104.07,98,-9.5,212.0,home,home,-5.930000000000007,-3,214.07,199
202301040TOR,117.86,101,111.12,104,-5.5,223.5,home,away,-6.739999999999995,3,228.98000000000002,205
202403050TOR,110.15,98,113.75,139,8.5,230.5,away,away,3.5999999999999943,41,223.9,237
202212080POR,114.23,120,112.71,121,1.5,227.5,home,away,-1.5200000000000102,1,226.94,241
202211020MIL,112.43,116,106.31,91,-11.5,223.5,home,home,-6.1200000000000045,-25,218.74,207
202203130NOP,121.69,130,110.71,105,-7.0,231.5,home,home,-10.980000000000004,-25,232.39999999999998,235
202212050DAL,115.4,130,108.55,111,-3.5,223.0,home,home,-6.8500000000000085,-19,223.95,241
202202030TOR,110.6,127,109.97,120,-4.5,222.0,home,home,-0.6299999999999955,-7,220.57,247
202212080MIA,110.6,115,111.26,110,-6.5,211.0,away,home,0.6600000000000108,-5,221.86,225
202211090TOR,117.85,116,107.51,109,-10.0,224.0,home,home,-10.33999999999999,-7,225.36,225
202312020SAC,123.37,123,116.01,117,-3.5,235.0,home,home,-7.359999999999999,-6,239.38,240
202212050TOR,108.48,110,111.7,116,-1.5,228.5,away,away,3.219999999999999,6,220.18,226
202111240OKC,103.2,104,109.08,110,14.0,208.5,away,away,5.8799999999999955,6,212.28,214
202211090ORL,113.45,94,114.98,87,8.5,213.0,away,home,1.5300000000000011,-7,228.43,181
202112030GSW,109.28,118,107.66,96,-7.5,215.5,home,home,-1.6200000000000045,-22,216.94,214
202212120WAS,116.03,100,112.56,112,5.5,227.5,home,away,-3.469999999999999,12,228.59,212
202210290BRK,117.66,116,116.37,125,-11.5,239.5,home,away,-1.289999999999992,9,234.03,241
202210270BRK,110.71,125,120.12,129,3.0,225.5,away,away,9.41000000000001,4,230.82999999999998,254
202403310HOU,116.73,107,113.24,125,4.0,229.5,home,away,-3.490000000000009,18,229.97,232
202302070NOP,116.07,116,116.3,107,-1.0,237.0,away,home,0.23000000000000398,-9,232.37,223
202402100POR,115.06,84,117.36,93,8.5,219.0,away,away,2.299999999999997,9,232.42000000000002,177
202202090UTA,105.54,111,104.72,85,1.5,224.5,home,home,-0.8200000000000074,-26,210.26,196
202302050IND,111.52,103,114.77,122,4.5,228.5,away,away,3.25,19,226.29,225
202212020CLE,115.54,107,103.44,96,-11.5,212.5,home,home,-12.100000000000009,-11,218.98000000000002,203
202302080UTA,118.37,118,114.53,143,-8.5,233.5,home,away,-3.8400000000000034,25,232.9,261
202201130DEN,106.77,140,104.04,108,-10.5,210.5,home,home,-2.7299999999999898,-32,210.81,248
202311180CHI,105.48,102,112.5,97,2.0,212.0,away,home,7.019999999999996,-5,217.98000000000002,199
202311290MEM,117.24,105,115.99,91,-2.5,223.5,home,home,-1.25,-14,233.23,196
202303100PHI,117.51,120,109.77,119,-7.5,235.5,home,home,-7.740000000000009,-1,227.28,239
202112130DEN,114.0,113,108.79,107,-3.5,215.5,home,home,-5.209999999999994,-6,222.79000000000002,220
202204050DEN,120.83,97,116.97,116,-9.0,235.0,home,away,-3.8599999999999994,19,237.8,213
202403250ATL,113.17,120,110.91,118,10.5,225.0,home,home,-2.260000000000005,-2,224.07999999999998,238
202301290MIL,117.59,135,111.69,110,-10.5,229.0,home,home,-5.900000000000006,-25,229.28,245
202203190WAS,118.03,127,112.45,119,2.0,230.0,home,home,-5.579999999999998,-8,230.48000000000002,246
202311260ORL,115.76,130,110.67,117,-6.5,228.5,home,home,-5.090000000000003,-13,226.43,247
202212160DET,113.58,113,117.0,122,6.5,238.0,away,away,3.4200000000000017,9,230.57999999999998,235
202111120MEM,109.46,94,110.3,119,23.5,217.5,away,away,0.8400000000000034,25,219.76,213
202212210HOU,108.14,110,111.67,116,-1.0,223.5,away,away,3.530000000000001,6,219.81,226
202403180SAC,115.46,121,109.52,111,-11.5,220.5,home,home,-5.939999999999998,-10,224.98,232
202311250OKC,123.73,123,113.8,127,1.0,230.5,home,away,-9.930000000000007,4,237.53,250
202312020LAL,112.57,107,107.94,97,-4.5,226.5,home,home,-4.6299999999999955,-10,220.51,204
202401010MIL,124.47,113,118.83,122,-8.0,261.5,home,away,-5.640000000000001,9,243.3,235
202402280TOR,112.35,125,119.51,136,3.5,245.5,away,away,7.160000000000011,11,231.86,261
202212150MEM,115.86,142,110.53,101,-3.0,226.5,home,home,-5.329999999999998,-41,226.39,243
202202160ORL,110.0,109,115.09,130,7.5,227.5,away,away,5.090000000000003,21,225.09,239
202212300MIL,114.97,123,112.31,114,-7.5,229.0,home,home,-2.6599999999999966,-9,227.28,237
202404010CHI,117.58,101,114.65,113,-2.0,221.0,home,away,-2.9299999999999926,12,232.23000000000002,214
202402050NOP,119.35,138,110.24,100,-10.5,232.0,home,home,-9.11,-38,229.58999999999997,238
202401040GSW,118.76,127,119.11,130,4.0,234.0,away,away,0.3499999999999943,3,237.87,257
202303220MIL,125.04,130,116.02,94,-19.0,238.0,home,home,-9.02000000000001,-36,241.06,224
202303090MEM,118.51,131,113.34,110,3.0,236.0,home,home,-5.170000000000002,-21,231.85000000000002,241
202112180UTA,120.44,103,107.41,109,-13.5,224.5,home,away,-13.030000000000001,6,227.85,212
202312060WAS,118.04,126,123.36,131,8.5,234.5,away,away,5.319999999999993,5,241.4,257
202201050BOS,114.73,97,111.47,99,-6.5,222.5,home,away,-3.260000000000005,2,226.2,196
202303260TOR,117.14,114,108.35,104,-10.0,220.5,home,home,-8.790000000000006,-10,225.49,218
202401050CHI,109.94,104,103.71,91,-8.5,217.5,home,home,-6.230000000000004,-13,213.64999999999998,195
202404020SAC,111.54,109,106.99,95,-2.5,222.0,home,home,-4.550000000000011,-14,218.53,204
202401270BRK,116.44,106,112.66,104,-4.5,220.5,home,home,-3.780000000000001,-2,229.1,210
202301170SAS,117.51,106,118.75,98,2.0,228.0,away,home,1.2399999999999949,-8,236.26,204
202111170DET,104.49,97,106.96,89,-8.5,188.5,away,home,2.469999999999999,-8,211.45,186
202211120NOP,117.24,119,110.06,106,-10.5,233.0,home,home,-7.179999999999993,-13,227.3,225
202212250BOS,115.39,139,111.76,118,-5.5,226.5,home,home,-3.6299999999999955,-21,227.15,257
202202040UTA,115.12,125,108.32,102,-7.5,229.5,home,home,-6.800000000000011,-23,223.44,227
202303130SAC,118.52,124,123.44,133,3.5,246.5,away,away,4.920000000000002,9,241.95999999999998,257
202211250SAS,110.97,94,116.08,105,4.0,235.0,away,away,5.109999999999999,11,227.05,199
202401070SAC,119.28,100,119.18,133,-4.5,233.5,home,away,-0.09999999999999432,33,238.46,233
202403130NOP,113.86,95,109.63,116,-6.0,218.0,home,away,-4.230000000000004,21,223.49,211
202212200NYK,114.76,132,108.79,94,-6.0,220.5,home,home,-5.969999999999999,-38,223.55,226
202402040OKC,116.43,135,104.86,127,-8.5,235.5,home,home,-11.570000000000007,-8,221.29000000000002,262
202312220HOU,119.05,122,118.8,96,-8.5,222.5,home,home,-0.25,-26,237.85,218
202111090UTA,113.91,110,105.72,98,-11.5,208.5,home,home,-8.189999999999998,-12,219.63,208
202211160WAS,114.66,120,107.19,121,-5.0,230.0,home,away,-7.469999999999999,1,221.85,241
202301300BRK,119.45,121,119.72,104,-9.0,231.0,away,home,0.269999999999996,-17,239.17000000000002,225
202301160MIL,114.83,132,112.67,119,-5.0,228.0,home,home,-2.1599999999999966,-13,227.5,251
202302250DET,111.63,91,117.41,95,7.5,228.5,away,away,5.780000000000001,4,229.04,186
202401010UTA,121.31,127,118.65,90,4.5,247.5,home,home,-2.6599999999999966,-37,239.96,217
202303130HOU,114.37,111,119.11,109,13.0,232.5,away,home,4.739999999999995,-2,233.48000000000002,220
202201010BRK,109.41,116,107.69,120,-14.5,220.0,home,away,-1.7199999999999989,4,217.1,236
202401210ORL,109.08,105,112.25,87,-1.0,214.0,away,home,3.1700000000000017,-18,221.32999999999998,192
202403170LAC,110.38,93,105.5,110,-9.5,221.0,home,away,-4.8799999999999955,17,215.88,203
202302090LAL,113.58,106,119.47,115,8.5,235.0,away,away,5.890000000000001,9,233.05,221
202202150PHI,108.35,87,111.9,135,2.0,209.0,away,away,3.5500000000000114,48,220.25,222
202310300LAL,107.1,106,110.33,103,-3.5,219.5,away,home,3.230000000000004,-3,217.43,209
202311080DEN,114.34,108,112.56,105,-4.5,228.5,home,home,-1.7800000000000011,-3,226.9,213
202303280GSW,116.07,120,113.62,109,-10.5,236.5,home,home,-2.4499999999999886,-11,229.69,229
202211040IND,118.42,101,114.11,99,3.0,224.5,home,home,-4.310000000000002,-2,232.53,200
202310300ATL,115.14,127,112.52,113,2.0,228.0,home,home,-2.6200000000000045,-14,227.66,240
202112230LAL,110.92,110,109.54,138,-1.5,225.5,home,away,-1.3799999999999955,28,220.46,248
202402270OKC,124.55,112,112.57,95,-9.5,233.5,home,home,-11.980000000000004,-17,237.12,207
202301120POR,115.3,113,113.83,119,1.5,224.5,home,away,-1.4699999999999989,6,229.13,232
202301210WAS,114.54,138,108.84,118,-6.5,231.5,home,home,-5.700000000000003,-20,223.38,256
202311040ORL,110.53,120,109.58,101,3.5,222.5,home,home,-0.9500000000000028,-19,220.11,221
202312300CHI,116.65,105,114.73,92,-1.0,225.5,home,home,-1.9200000000000017,-13,231.38,197
202401190POR,115.06,118,114.93,115,8.5,237.5,home,home,-0.12999999999999545,-3,229.99,233
202201210ATL,110.87,110,106.01,108,-1.5,219.5,home,home,-4.859999999999999,-2,216.88,218
202401050IND,126.65,150,124.26,116,-2.5,262.0,home,home,-2.3900000000000006,-34,250.91000000000003,266
202302240MIL,118.97,128,110.64,99,-5.5,223.5,home,home,-8.329999999999998,-29,229.61,227
202404110DET,109.46,105,112.75,127,10.5,220.0,away,away,3.2900000000000063,22,222.20999999999998,232
202112100HOU,114.84,114,111.35,123,9.5,230.5,home,away,-3.490000000000009,9,226.19,237
202401090DAL,118.9,103,112.56,120,-9.5,236.0,home,away,-6.340000000000003,17,231.46,223
202202140DEN,116.3,121,110.84,111,-10.5,222.5,home,home,-5.459999999999994,-10,227.14,232
202202280BRK,112.88,97,113.13,133,3.5,214.5,away,away,0.25,36,226.01,230
202111120HOU,109.78,92,107.15,104,8.5,199.5,home,away,-2.6299999999999955,12,216.93,196
202203180TOR,118.93,123,106.76,128,-8.5,225.5,home,away,-12.170000000000002,5,225.69,251
202301130LAC,114.47,103,111.22,115,-5.0,222.0,home,away,-3.25,12,225.69,218
202303040SAC,121.04,134,119.61,138,-4.0,237.5,home,away,-1.4300000000000068,4,240.65,272
202302230LAL,118.5,124,120.16,111,-6.5,238.5,away,home,1.6599999999999966,-13,238.66,235
202303030CHI,108.32,104,108.4,125,3.5,224.5,away,away,0.0800000000000125,21,216.72,229
202303290BRK,116.49,123,114.9,114,-10.5,231.0,home,home,-1.5899999999999892,-9,231.39,237
202201190LAL,118.21,104,112.26,111,-3.5,223.5,home,away,-5.949999999999989,7,230.47,215
202303270UTA,123.08,103,118.34,117,4.0,234.5,home,away,-4.739999999999995,14,241.42000000000002,220
202302100NOP,107.72,107,107.68,118,3.0,221.5,home,away,-0.03999999999999204,11,215.4,225
202212090NOP,120.76,128,112.56,117,1.0,229.5,home,home,-8.200000000000003,-11,233.32,245
202401220SAC,125.93,122,118.84,107,-8.5,237.5,home,home,-7.090000000000003,-15,244.77,229
202402070WAS,109.98,106,119.49,114,11.5,234.5,away,away,9.509999999999991,8,229.47,220
202203300IND,113.71,118,122.8,125,9.5,237.5,away,away,9.090000000000003,7,236.51,243
202301260HOU,114.57,95,113.66,113,8.5,216.5,home,away,-0.9099999999999966,18,228.23,208
202203140SAC,113.77,112,114.53,103,4.5,237.0,away,home,0.7600000000000051,-9,228.3,215
202312120CHI,115.89,106,116.26,114,6.5,220.0,away,away,0.37000000000000455,8,232.15,220
202303290IND,116.25,136,123.21,149,12.5,237.0,away,away,6.959999999999994,13,239.45999999999998,285
202211280SAC,120.44,117,113.78,122,1.0,234.0,home,away,-6.659999999999997,5,234.22,239
202212100CLE,114.83,110,107.87,102,-4.5,217.5,home,home,-6.959999999999994,-8,222.7,212
202212290BOS,109.49,116,110.97,110,-6.5,218.5,away,home,1.480000000000004,-6,220.45999999999998,226
202311220NOP,116.12,117,113.73,112,1.5,235.0,home,home,-2.3900000000000006,-5,229.85000000000002,229
202311220OKC,120.29,116,107.0,102,-8.0,223.0,home,home,-13.290000000000006,-14,227.29000000000002,218
202112250MIL,109.92,117,111.28,113,-8.0,221.5,away,home,1.3599999999999994,-4,221.2,230
202403220LAL,118.63,101,111.48,94,-7.5,227.5,home,home,-7.1499999999999915,-7,230.11,195
202311300CHI,114.29,120,115.88,113,10.5,226.0,away,home,1.5899999999999892,-7,230.17000000000002,233
202311080DAL,121.27,116,112.26,127,-4.0,225.5,home,away,-9.009999999999991,11,233.53,243
202310270MEM,107.75,104,115.21,108,6.0,221.5,away,away,7.459999999999994,4,222.95999999999998,212
202212230ORL,116.61,133,110.45,113,-6.0,228.0,home,home,-6.159999999999997,-20,227.06,246
202212020SAS,109.03,99,115.8,117,7.5,232.5,away,away,6.769999999999996,18,224.82999999999998,216
202311170ATL,122.41,116,118.82,126,1.5,238.5,home,away,-3.5900000000000034,10,241.23,242
202203020CLE,112.8,98,108.19,119,-4.0,219.5,home,away,-4.609999999999999,21,220.99,217
202301060PHI,114.91,112,112.09,126,-5.0,234.0,home,away,-2.819999999999993,14,227.0,238
202210280MIN,112.97,111,113.17,102,-8.5,233.5,away,home,0.20000000000000284,-9,226.14,213
202203170ORL,112.14,120,108.68,134,-3.0,219.5,home,away,-3.4599999999999937,14,220.82,254
202310270UTA,117.14,120,118.0,118,4.5,227.5,away,home,0.8599999999999994,-2,235.14,238
202303190HOU,112.3,107,111.92,117,5.5,224.5,home,away,-0.37999999999999545,10,224.22,224
202201050MIL,114.92,111,111.9,117,-0.5,225.5,home,away,-3.019999999999996,6,226.82,228
202301310CLE,108.36,97,107.54,100,-4.0,210.5,home,away,-0.8199999999999932,3,215.9,197
202204100DAL,114.85,130,112.18,120,-11.0,224.5,home,home,-2.6699999999999875,-10,227.03,250
202403230ORL,108.81,107,108.63,109,-3.0,219.0,home,away,-0.18000000000000682,2,217.44,216
202401150WAS,118.37,117,119.36,129,-6.0,239.0,away,away,0.9899999999999949,12,237.73000000000002,246
202212270WAS,115.33,116,112.51,111,5.0,225.0,home,home,-2.819999999999993,-5,227.84,227
202210190IND,114.57,107,121.18,114,2.5,229.0,away,away,6.610000000000014,7,235.75,221
202301220DEN,120.16,99,115.58,101,-3.0,233.5,home,away,-4.579999999999998,2,235.74,200
202311010GSW,115.12,102,111.36,101,-6.5,228.0,home,home,-3.760000000000005,-1,226.48000000000002,203
202304070NOP,121.29,113,111.6,105,-8.0,223.5,home,home,-9.690000000000012,-8,232.89,218
202311240NYK,108.87,100,109.72,98,-5.5,209.5,away,home,0.8499999999999943,-2,218.59,198
202201170MIA,112.12,104,105.82,99,-4.0,206.5,home,home,-6.300000000000011,-5,217.94,203
202312260CHI,120.13,118,116.48,113,2.5,238.0,home,home,-3.6499999999999915,-5,236.61,231
202112010MIA,110.42,85,104.16,111,4.5,209.5,home,away,-6.260000000000005,26,214.57999999999998,196
202401200CHI,114.25,125,109.69,96,-7.5,215.5,home,home,-4.560000000000002,-29,223.94,221
202203020MIL,119.3,120,112.54,119,-4.5,227.5,home,home,-6.759999999999991,-1,231.84,239
202401070DEN,120.82,131,114.94,114,-16.0,235.5,home,home,-5.8799999999999955,-17,235.76,245
202301170LAC,113.14,110,116.36,120,-1.0,224.0,away,away,3.219999999999999,10,229.5,230
202302280GSW,122.63,123,121.39,105,-5.0,234.0,home,home,-1.2399999999999949,-18,244.01999999999998,228
202211140GSW,119.42,132,114.26,95,-9.0,234.0,home,home,-5.159999999999997,-37,233.68,227
202201210DEN,114.11,118,114.23,122,-4.5,227.5,away,away,0.12000000000000455,4,228.34,240
202303080LAC,119.39,108,115.42,100,-2.5,231.5,home,home,-3.969999999999999,-8,234.81,208
202301170MIL,115.26,130,115.2,122,-1.5,222.0,home,home,-0.060000000000002274,-8,230.46,252
202401030IND,124.13,142,126.56,130,3.5,258.0,away,home,2.430000000000007,-12,250.69,272
202112180BRK,110.73,93,106.46,100,-5.0,211.5,home,away,-4.27000000000001,7,217.19,193
202403070DAL,116.12,114,112.92,108,-4.5,232.5,home,home,-3.200000000000003,-6,229.04000000000002,222
202201020CLE,112.89,108,107.01,104,-4.5,207.5,home,home,-5.8799999999999955,-4,219.9,212
202202100DAL,110.37,112,104.88,105,-6.5,216.0,home,home,-5.490000000000009,-7,215.25,217
202404120BOS,116.57,131,109.04,98,-7.5,217.5,home,home,-7.529999999999987,-33,225.61,229
202212100GSW,119.31,123,113.51,107,2.5,237.5,home,home,-5.799999999999997,-16,232.82,230
202303200MEM,116.23,112,113.87,108,-4.0,227.5,home,home,-2.3599999999999994,-4,230.10000000000002,220
202111210GSW,116.3,119,105.85,104,-18.5,228.5,home,home,-10.450000000000003,-15,222.14999999999998,223
202202040IND,115.53,115,113.69,122,1.0,229.0,home,away,-1.8400000000000034,7,229.22,237
202304080UTA,117.09,118,111.81,114,10.0,229.0,home,home,-5.280000000000001,-4,228.9,232
202311080BRK,113.36,100,111.54,93,5.5,231.5,home,home,-1.8199999999999932,-7,224.9,193
202312220BRK,115.02,117,118.25,122,5.0,231.5,away,away,3.230000000000004,5,233.26999999999998,239
202203260DEN,119.81,113,117.9,107,-16.5,227.5,home,home,-1.9099999999999966,-6,237.71,220
202312200CLE,118.17,124,109.45,116,-3.5,225.5,home,home,-8.719999999999999,-8,227.62,240
202210310MIL,111.11,110,108.13,108,-12.5,221.5,home,home,-2.980000000000004,-2,219.24,218
202303290PHI,118.07,116,110.58,108,-6.0,233.0,home,home,-7.489999999999995,-8,228.64999999999998,224
202210250NOP,112.84,113,117.22,111,2.5,225.5,away,home,4.3799999999999955,-2,230.06,224
202210300BOS,110.58,112,108.94,94,-9.5,222.0,home,home,-1.6400000000000006,-18,219.51999999999998,206
202401030MIN,111.69,106,109.9,117,-6.0,221.0,home,away,-1.789999999999992,11,221.59,223
202403130IND,121.67,129,110.31,132,-5.0,228.5,home,away,-11.36,3,231.98000000000002,261
202303270NYK,116.3,137,113.45,115,-13.0,228.5,home,home,-2.8499999999999943,-22,229.75,252
202212250NYK,110.86,112,109.62,119,2.0,215.5,home,away,-1.2399999999999949,7,220.48000000000002,231
202202040DET,104.84,93,113.49,102,10.0,214.5,away,away,8.649999999999991,9,218.32999999999998,195
202211280LAL,111.17,115,110.79,116,-3.5,237.5,home,away,-0.37999999999999545,1,221.96,231
202402070BOS,121.42,125,115.22,117,-11.5,240.5,home,home,-6.200000000000003,-8,236.64,242
202401110MIL,117.58,135,124.94,102,-2.5,245.5,away,home,7.359999999999999,-33,242.51999999999998,237
202401070GSW,122.53,118,119.32,133,-2.5,237.5,home,away,-3.210000000000008,15,241.85,251
202112200LAC,108.93,92,109.81,116,-5.5,219.5,away,away,0.8799999999999955,24,218.74,208
202401140POR,109.52,116,118.88,127,14.5,234.0,away,away,9.36,11,228.39999999999998,243
202211280PHI,117.48,104,108.33,101,-2.5,221.0,home,home,-9.150000000000006,-3,225.81,205
202203160GSW,116.55,88,113.87,110,-1.5,220.5,home,away,-2.6799999999999926,22,230.42000000000002,198
202311260MIL,123.35,108,107.87,102,-13.0,231.5,home,home,-15.47999999999999,-6,231.22,210
202302140POR,120.96,101,124.82,126,1.5,236.5,away,away,3.8599999999999994,25,245.77999999999997,227
202303310CLE,112.94,116,110.31,130,-3.5,220.0,home,away,-2.6299999999999955,14,223.25,246
202212010DET,109.18,131,115.66,125,8.0,221.0,away,home,6.47999999999999,-6,224.84,256
202112130IND,107.86,100,106.31,102,4.0,214.5,home,away,-1.5499999999999972,2,214.17000000000002,202
202312110MEM,114.11,113,111.7,120,1.5,227.5,home,away,-2.4099999999999966,7,225.81,233
202112210LAL,107.21,90,107.63,108,7.0,223.5,away,away,0.4200000000000017,18,214.83999999999997,198
202301130MIN,112.66,121,113.17,116,-6.0,222.5,away,home,0.5100000000000051,-5,225.82999999999998,237
202312020UTA,112.55,118,108.22,113,-1.5,217.5,home,home,-4.329999999999998,-5,220.76999999999998,231
202311160MIA,113.11,122,110.87,115,-3.5,214.5,home,home,-2.239999999999995,-7,223.98000000000002,237
202112270MIN,111.6,108,111.92,103,5.0,214.5,away,home,0.3200000000000074,-5,223.51999999999998,211
202401220DAL,115.9,110,119.28,119,-0.5,238.5,away,away,3.3799999999999955,9,235.18,229
202211070DAL,117.85,96,110.41,94,-3.5,201.5,home,home,-7.439999999999998,-2,228.26,190
202302240GSW,126.5,116,116.82,101,-8.5,230.5,home,home,-9.680000000000007,-15,243.32,217
202310270BOS,106.64,119,101.1,111,-8.5,217.5,home,home,-5.540000000000006,-8,207.74,230
202201050SAC,110.43,102,117.85,108,-1.5,227.5,away,away,7.4199999999999875,6,228.28,210
202111220WAS,108.12,103,102.15,109,5.5,213.5,home,away,-5.969999999999999,6,210.27,212
202311280DAL,115.0,121,111.99,115,-4.0,227.5,home,home,-3.010000000000005,-6,226.99,236
202304020NYK,118.56,118,110.58,109,-11.5,221.5,home,home,-7.980000000000004,-9,229.14,227
202210230CLE,113.68,117,111.13,107,1.5,217.5,home,home,-2.5500000000000114,-10,224.81,224
202401270BOS,115.83,96,113.08,115,-7.0,232.0,home,away,-2.75,19,228.91,211
202303090MIL,118.06,118,112.76,113,-10.0,233.5,home,home,-5.299999999999997,-5,230.82,231
202201120SAC,114.21,125,116.68,116,4.5,230.5,away,home,2.470000000000013,-9,230.89,241
202111120SAS,114.9,109,107.52,123,13.5,231.5,home,away,-7.38000000000001,14,222.42000000000002,232
202202060DEN,120.47,124,115.79,104,-8.0,228.5,home,home,-4.679999999999993,-20,236.26,228
202211250LAC,113.41,104,108.11,114,4.0,218.5,home,away,-5.299999999999997,10,221.51999999999998,218
202211180CHI,113.72,107,110.2,108,-8.5,221.0,home,away,-3.519999999999996,1,223.92000000000002,215
202403150NOP,115.0,112,112.96,104,-7.0,218.5,home,home,-2.0400000000000063,-8,227.95999999999998,216
202210280POR,111.7,125,114.27,111,-4.5,222.5,away,home,2.569999999999993,-14,225.97,236
202204080LAL,117.21,120,116.07,101,-6.0,225.0,home,home,-1.1400000000000006,-19,233.27999999999997,221
202203130DET,104.87,102,110.01,106,4.5,217.5,away,away,5.140000000000001,4,214.88,208
202402040MIN,115.46,111,111.55,90,-7.5,220.5,home,home,-3.9099999999999966,-21,227.01,201
202402080NYK,116.12,108,108.76,122,8.5,225.5,home,away,-7.359999999999999,14,224.88,230
202204100HOU,115.4,114,115.12,130,12.0,242.0,home,away,-0.28000000000000114,16,230.52,244
202403250SAC,114.31,108,109.15,96,-7.5,220.0,home,home,-5.159999999999997,-12,223.46,204
202404120NYK,119.75,111,111.17,107,-11.5,211.5,home,home,-8.579999999999998,-4,230.92000000000002,218
202211280NOP,119.37,105,114.4,101,-5.5,233.0,home,home,-4.969999999999999,-4,233.77,206
202303220DAL,120.78,125,119.9,127,3.5,235.5,home,away,-0.8799999999999955,2,240.68,252
202401120CHI,112.99,131,113.27,140,-3.0,228.0,away,away,0.28000000000000114,9,226.26,271
202201170ATL,113.8,121,114.53,114,5.5,230.5,away,home,0.730000000000004,-7,228.32999999999998,235
202202020LAL,111.57,99,108.05,94,-4.0,225.0,home,home,-3.519999999999996,-5,219.62,193
202203140PHI,113.76,110,112.66,114,-3.5,224.0,home,away,-1.1000000000000085,4,226.42000000000002,224
202202170MIL,112.62,120,109.73,123,-10.5,227.5,home,away,-2.8900000000000006,3,222.35000000000002,243
202404020TOR,109.92,111,123.11,128,13.5,236.5,away,away,13.189999999999998,17,233.03,239
202210310LAC,114.35,95,105.88,93,-8.5,225.5,home,home,-8.469999999999999,-2,220.23,188
202301110DET,114.34,135,116.03,118,6.5,233.5,away,home,1.6899999999999977,-17,230.37,253
202311290DET,110.75,107,116.18,133,7.5,229.0,away,away,5.430000000000007,26,226.93,240
202203230DET,116.82,122,112.71,101,5.0,227.5,home,home,-4.109999999999999,-21,229.52999999999997,223
202111140OKC,101.84,96,108.56,120,21.5,219.5,away,away,6.719999999999999,24,210.4,216
202201090ORL,111.28,100,109.52,102,7.5,220.5,home,away,-1.7600000000000051,2,220.8,202
202403030BOS,123.15,140,115.7,88,-8.0,231.0,home,home,-7.450000000000003,-52,238.85000000000002,228
202302260GSW,124.21,109,116.38,104,-2.0,237.0,home,home,-7.829999999999998,-5,240.58999999999997,213
202302120BOS,113.45,119,107.82,109,-3.5,225.0,home,home,-5.63000000000001,-10,221.26999999999998,228
202112110CLE,119.43,117,108.65,103,-6.0,222.5,home,home,-10.780000000000001,-14,228.08,220
202210190MEM,111.6,115,107.53,112,-4.5,226.5,home,home,-4.069999999999993,-3,219.13,227
202312080PHI,127.37,125,121.25,114,-8.5,235.0,home,home,-6.1200000000000045,-11,248.62,239
202302240ATL,116.36,136,114.64,119,2.5,228.5,home,home,-1.7199999999999989,-17,231.0,255
202311050CLE,110.93,115,109.86,104,-1.5,223.0,home,home,-1.0700000000000074,-11,220.79000000000002,219
202301210CLE,117.81,114,114.96,102,-3.0,217.5,home,home,-2.8500000000000085,-12,232.76999999999998,216
202403280NOP,115.27,107,110.92,100,2.0,226.0,home,home,-4.349999999999994,-7,226.19,207
202302250ORL,116.04,108,110.53,121,-3.0,230.5,home,away,-5.510000000000005,13,226.57,229
202203150IND,120.2,102,117.06,135,6.0,236.0,home,away,-3.1400000000000006,33,237.26,237
202402260IND,121.18,122,115.74,130,-5.5,248.5,home,away,-5.440000000000012,8,236.92000000000002,252
202112230DAL,108.78,95,107.68,102,4.0,208.5,home,away,-1.0999999999999943,7,216.46,197
202201170MEM,118.07,119,107.73,106,-9.0,225.0,home,home,-10.33999999999999,-13,225.8,225
202402280DEN,116.82,117,111.19,96,-9.5,226.5,home,home,-5.6299999999999955,-21,228.01,213
202112130LAC,104.39,111,112.0,95,3.0,212.0,away,home,7.609999999999999,-16,216.39,206
202312260DET,117.39,112,120.62,118,6.5,228.5,away,away,3.230000000000004,6,238.01,230
202311280SAC,119.44,124,116.33,123,-2.0,237.5,home,home,-3.1099999999999994,-1,235.76999999999998,247
202312290ATL,124.22,110,124.24,117,1.5,253.0,away,away,0.01999999999999602,7,248.45999999999998,227
202203120UTA,114.33,134,105.99,125,-9.5,228.5,home,home,-8.340000000000003,-9,220.32,259
202112010MIL,116.26,127,112.08,125,-3.5,242.5,home,home,-4.180000000000007,-2,228.34,252
202211160DEN,121.04,103,110.39,106,-2.5,226.5,home,away,-10.650000000000006,3,231.43,209
202402220CLE,116.42,109,109.58,116,-5.0,214.5,home,away,-6.840000000000003,7,226.0,225
202204060CHI,105.36,94,115.65,117,7.5,225.0,away,away,10.290000000000006,23,221.01,211
202301200SAS,115.68,126,116.35,131,7.5,231.0,away,away,0.6699999999999875,5,232.03,257
202304090POR,112.8,101,121.6,157,17.0,234.0,away,away,8.799999999999997,56,234.39999999999998,258
202312310WAS,119.25,126,122.72,130,6.5,252.0,away,away,3.469999999999999,4,241.97,256
202312290WAS,117.38,110,120.53,104,6.0,242.0,away,home,3.1500000000000057,-6,237.91,214
202303070LAL,115.32,112,114.36,103,1.5,224.0,home,home,-0.9599999999999937,-9,229.68,215
202212190MIN,118.79,116,118.02,106,6.0,231.0,home,home,-0.7700000000000102,-10,236.81,222
202112090PHI,106.32,96,107.57,118,3.0,215.5,away,away,1.25,22,213.89,214
202311010BOS,116.52,155,110.89,104,-13.5,233.5,home,home,-5.6299999999999955,-51,227.41,259
202202010SAS,113.45,120,112.7,124,-6.5,219.5,home,away,-0.75,4,226.15,244
202312150MEM,108.78,96,110.74,103,2.5,212.5,away,away,1.9599999999999937,7,219.51999999999998,199
202211030ORL,114.66,130,113.39,129,9.5,226.0,home,home,-1.269999999999996,-1,228.05,259
202311300GSW,117.05,120,116.19,114,-2.0,230.5,home,home,-0.8599999999999994,-6,233.24,234
202401290BRK,113.59,147,110.46,114,0.5,236.5,home,home,-3.1300000000000097,-33,224.05,261
202202250MIN,119.0,102,111.14,133,3.5,228.5,home,away,-7.859999999999999,31,230.14,235
202310250MIA,112.87,103,110.38,102,-9.5,218.5,home,home,-2.490000000000009,-1,223.25,205
202303310BRK,113.88,124,117.01,107,3.5,237.5,away,home,3.1300000000000097,-17,230.89,231
202303130DET,115.49,117,120.2,97,2.5,224.5,away,home,4.710000000000008,-20,235.69,214
202212110DET,116.92,117,114.46,124,5.5,233.0,home,away,-2.460000000000008,7,231.38,241
202301230DET,118.12,130,119.17,150,11.5,236.5,away,away,1.0499999999999972,20,237.29000000000002,280
202201190WAS,117.15,118,112.38,119,-1.0,235.5,home,away,-4.77000000000001,1,229.53,237
202203250POR,111.98,106,119.48,125,4.5,234.0,away,away,7.5,19,231.46,231
202212160CHI,116.85,91,119.83,114,-3.0,225.5,away,away,2.980000000000004,23,236.68,205
202312270ORL,111.84,92,114.42,112,-2.0,228.5,away,away,2.5799999999999983,20,226.26,204
202303040SAS,114.85,110,111.24,122,1.5,230.5,home,away,-3.6099999999999994,12,226.08999999999997,232
202312250MIA,115.82,119,114.68,113,-2.5,229.5,home,home,-1.1399999999999864,-6,230.5,232
202402050ATL,117.3,144,122.79,149,4.5,246.5,away,away,5.490000000000009,5,240.09,293
202212260CLE,113.05,117,106.45,125,-2.0,220.0,home,away,-6.599999999999994,8,219.5,242
202112310SAC,105.69,96,108.03,112,1.0,215.5,away,away,2.3400000000000034,16,213.72,208
202403250HOU,127.79,110,107.66,92,-14.5,225.5,home,home,-20.13000000000001,-18,235.45,202
202401250LAL,118.21,141,116.47,132,-5.5,231.5,home,home,-1.7399999999999949,-9,234.68,273
202402060NYK,116.62,123,103.52,113,-13.5,212.5,home,home,-13.100000000000009,-10,220.14,236
202304020BRK,115.22,111,113.77,110,-7.5,230.5,home,home,-1.4500000000000028,-1,228.99,221
202402140DAL,122.82,116,115.32,93,-11.5,242.5,home,home,-7.5,-23,238.14,209
202204100DEN,121.57,141,117.49,146,-5.5,230.0,home,away,-4.079999999999998,5,239.06,287
202303020GSW,119.95,115,117.17,91,2.5,231.5,home,home,-2.780000000000001,-24,237.12,206
202311280CLE,117.79,128,119.48,105,-4.0,238.5,away,home,1.6899999999999977,-23,237.27,233
202303240TOR,117.65,118,109.38,97,-13.5,223.0,home,home,-8.27000000000001,-21,227.03,215
202312130DET,113.84,111,118.85,129,12.0,233.5,away,away,5.009999999999991,18,232.69,240
202112030HOU,110.06,118,102.79,116,-3.0,218.0,home,home,-7.269999999999996,-2,212.85000000000002,234
202212290IND,116.25,135,115.62,126,6.5,228.5,home,home,-0.6299999999999955,-9,231.87,261
202302070BRK,118.68,112,115.16,116,7.0,224.0,home,away,-3.5200000000000102,4,233.84,228
202212130UTA,119.72,121,114.39,100,2.0,232.5,home,home,-5.329999999999998,-21,234.11,221
202202050POR,106.72,108,109.62,137,11.0,230.0,away,away,2.9000000000000057,29,216.34,245
202203090DAL,115.94,77,105.86,107,-8.5,210.5,home,away,-10.079999999999998,30,221.8,184
202211070UTA,116.3,139,107.96,116,-8.5,261.5,home,home,-8.340000000000003,-23,224.26,255
202203160WAS,119.74,109,114.14,127,6.5,229.5,home,away,-5.599999999999994,18,233.88,236
202302250MEM,112.11,112,109.48,94,-3.0,235.5,home,home,-2.6299999999999955,-18,221.59,206
202112310UTA,115.08,120,107.09,108,-12.5,222.0,home,home,-7.989999999999995,-12,222.17000000000002,228
202212030MIN,120.8,128,116.29,135,-5.0,233.0,home,away,-4.509999999999991,7,237.09,263
202311290ORL,119.15,139,118.49,120,-10.0,235.5,home,home,-0.6600000000000108,-19,237.64,259
202210290MIL,109.26,123,104.96,115,-5.5,228.5,home,home,-4.300000000000011,-8,214.22,238
202203010BOS,116.85,107,112.3,98,-6.0,227.5,home,home,-4.549999999999997,-9,229.14999999999998,205
202301130DET,116.57,110,113.2,116,5.5,234.5,home,away,-3.3699999999999903,6,229.76999999999998,226
202203050MIA,110.18,99,113.77,82,-5.5,213.5,away,home,3.589999999999989,-17,223.95,181
202301130WAS,116.76,108,109.13,112,3.5,219.5,home,away,-7.63000000000001,4,225.89,220
202212300GSW,117.61,118,117.74,112,-1.0,233.0,away,home,0.12999999999999545,-6,235.35,230
202301240DAL,114.73,126,113.83,127,-7.0,224.0,home,away,-0.9000000000000057,1,228.56,253
202304090WAS,116.42,109,115.17,114,4.0,231.0,home,away,-1.25,5,231.59,223
202203010LAL,112.31,104,108.21,109,4.5,218.5,home,away,-4.1000000000000085,5,220.51999999999998,213
202201070TOR,113.98,122,116.12,108,-13.5,217.0,away,home,2.1400000000000006,-14,230.10000000000002,230
202304090BRK,112.37,105,108.38,134,-1.5,218.5,home,away,-3.990000000000009,29,220.75,239
202211210MIL,112.48,119,107.67,111,-10.0,213.5,home,home,-4.810000000000002,-8,220.15,230
202201140MEM,113.71,85,105.08,112,-2.5,218.5,home,away,-8.629999999999995,27,218.79,197
202401200MIN,119.95,97,114.1,102,-3.0,229.5,home,away,-5.8500000000000085,5,234.05,199
202403080POR,109.88,107,108.33,123,9.5,222.5,home,away,-1.5499999999999972,16,218.20999999999998,230
202401250IND,116.53,134,114.1,122,4.5,241.5,home,home,-2.430000000000007,-12,230.63,256
202401190ORL,112.24,109,113.49,124,5.5,223.5,away,away,1.25,15,225.73,233
202203070SAC,113.53,115,112.5,131,-3.5,231.5,home,away,-1.0300000000000011,16,226.03,246
202210290DAL,115.51,111,106.51,117,-10.5,219.5,home,away,-9.0,6,222.02,228
202401150CLE,118.0,109,108.26,91,-4.5,222.5,home,home,-9.739999999999995,-18,226.26,200
202111130IND,107.14,118,105.64,113,-6.5,229.5,home,home,-1.5,-5,212.78,231
202401050CLE,123.79,114,113.63,90,-10.5,237.5,home,home,-10.16000000000001,-24,237.42000000000002,204
202402220PHI,113.08,96,115.56,110,-1.5,228.0,away,away,2.480000000000004,14,228.64,206
202203010WAS,112.39,116,110.2,113,-3.5,215.5,home,home,-2.1899999999999977,-3,222.59,229
202403270TOR,104.41,101,113.88,145,14.0,211.5,away,away,9.469999999999999,44,218.29,246
202402090LAL,121.7,139,117.63,122,2.0,237.5,home,home,-4.070000000000007,-17,239.32999999999998,261
202402250IND,119.91,133,119.88,111,1.5,251.5,home,home,-0.030000000000001137,-22,239.79,244
202212260MIA,109.37,113,104.6,110,-0.5,222.0,home,home,-4.77000000000001,-3,213.97,223
202403250LAC,115.05,116,115.8,133,-6.0,235.5,away,away,0.75,17,230.85,249
202403040UTA,123.95,127,120.66,115,-5.0,240.5,home,home,-3.2900000000000063,-12,244.61,242
202204100POR,109.3,80,116.67,111,19.5,216.5,away,away,7.3700000000000045,31,225.97,191
202111260IND,112.59,114,104.36,97,-5.5,206.5,home,home,-8.230000000000004,-17,216.95,211
202302040CHI,114.33,129,112.61,121,-3.0,235.5,home,home,-1.7199999999999989,-8,226.94,250
202301050ORL,117.35,115,116.83,123,7.0,230.5,home,away,-0.519999999999996,8,234.18,238
202404090OKC,109.47,112,112.53,105,-5.5,227.5,away,home,3.0600000000000023,-7,222.0,217
202204030HOU,119.24,132,111.97,139,13.5,246.0,home,away,-7.269999999999996,7,231.20999999999998,271
202311100WAS,119.63,117,114.59,124,-3.0,240.5,home,away,-5.039999999999992,7,234.22,241
202111240MIL,111.89,114,100.41,93,-14.5,213.5,home,home,-11.480000000000004,-21,212.3,207
202111240CLE,105.51,115,111.42,120,7.5,211.0,away,away,5.909999999999997,5,216.93,235
202403300ORL,108.84,118,105.28,88,-13.0,209.0,home,home,-3.5600000000000023,-30,214.12,206
202111150MIN,110.98,96,111.0,99,2.5,197.5,away,away,0.01999999999999602,3,221.98000000000002,195
202301130IND,116.68,111,115.9,113,3.5,239.5,home,away,-0.7800000000000011,2,232.58,224
202303260CLE,117.87,108,105.49,91,-14.0,228.0,home,home,-12.38000000000001,-17,223.36,199
202202250NYK,110.58,100,114.46,115,5.5,212.0,away,away,3.8799999999999955,15,225.04,215
202212160BOS,117.99,109,107.83,117,-13.0,225.5,home,away,-10.159999999999997,8,225.82,226
202401010TOR,121.78,124,117.4,121,-2.5,227.5,home,home,-4.3799999999999955,-3,239.18,245
202212310CHI,115.09,102,113.5,103,1.5,223.5,home,away,-1.5900000000000034,1,228.59,205
202401210WAS,111.74,104,122.18,113,12.5,238.5,away,away,10.440000000000012,9,233.92000000000002,217
202202080LAL,109.11,116,110.58,131,4.5,233.5,away,away,1.4699999999999989,15,219.69,247
202311220POR,117.74,121,114.55,105,3.5,228.0,home,home,-3.1899999999999977,-16,232.29,226
202402080MEM,105.59,110,111.68,118,5.5,216.5,away,away,6.090000000000003,8,217.27,228
202402270POR,103.56,96,114.89,106,7.0,212.0,away,away,11.329999999999998,10,218.45,202
202111150OKC,105.03,90,108.84,103,15.5,194.5,away,away,3.8100000000000023,13,213.87,193
202404030MIL,117.76,101,113.23,111,-12.5,218.0,home,away,-4.530000000000001,10,230.99,212
202112010LAC,109.64,115,102.21,124,-6.5,215.0,home,away,-7.430000000000007,9,211.85,239
202402220UTA,122.82,107,113.05,115,-9.5,229.0,home,away,-9.769999999999996,8,235.87,222
202203070MIA,118.11,123,109.0,106,-16.5,224.5,home,home,-9.11,-17,227.11,229
202401230LAC,122.2,127,116.15,116,-9.5,236.5,home,home,-6.049999999999997,-11,238.35000000000002,243
202311190BRK,116.33,99,116.6,121,3.5,224.0,away,away,0.269999999999996,22,232.93,220
202310300IND,113.18,105,113.67,112,-3.5,230.0,away,away,0.4899999999999949,7,226.85000000000002,217
202303110HOU,111.71,111,114.79,119,7.5,223.5,away,away,3.0800000000000125,8,226.5,230
202311190UTA,118.82,137,121.86,140,5.0,239.0,away,away,3.0400000000000063,3,240.68,277
202203200ATL,113.18,112,116.05,117,-5.0,234.5,away,away,2.8699999999999903,5,229.23000000000002,229
202302130POR,120.9,127,117.55,115,-2.0,239.0,home,home,-3.3500000000000085,-12,238.45,242
202312020MIA,126.66,129,121.91,144,-4.5,237.0,home,away,-4.75,15,248.57,273
202312210OKC,119.38,134,115.89,115,-6.0,237.5,home,home,-3.489999999999995,-19,235.26999999999998,249
202203010MIN,115.42,129,114.74,114,1.5,232.5,home,home,-0.6800000000000068,-15,230.16,243
202201130BRK,116.09,109,107.22,130,-5.5,216.0,home,away,-8.870000000000005,21,223.31,239
202301140IND,118.28,112,117.29,130,7.5,240.0,home,away,-0.9899999999999949,18,235.57,242
202211040MEM,120.14,130,111.48,99,-11.5,227.0,home,home,-8.659999999999997,-31,231.62,229
202301060NOP,114.8,102,114.89,108,5.0,232.0,away,away,0.09000000000000341,6,229.69,210
202111270CHI,108.52,104,109.27,107,1.0,209.5,away,away,0.75,3,217.79,211
202403030ORL,115.28,113,106.3,91,-10.5,215.5,home,home,-8.980000000000004,-22,221.57999999999998,204
202402030SAS,111.87,101,116.17,117,10.5,230.5,away,away,4.299999999999997,16,228.04000000000002,218
202204100ORL,105.81,125,110.76,111,6.5,218.5,away,home,4.950000000000003,-14,216.57,236
202211260SAS,111.62,138,114.41,143,-1.0,231.0,away,away,2.789999999999992,5,226.03,281
202301100POR,112.78,106,112.2,109,-9.0,228.5,home,away,-0.5799999999999983,3,224.98000000000002,215
202402120MIL,114.75,112,112.89,95,-1.0,230.0,home,home,-1.8599999999999994,-17,227.64,207
202210210ATL,114.57,108,104.85,98,-9.5,226.0,home,home,-9.719999999999999,-10,219.42,206
202202280OKC,109.59,110,113.77,131,5.5,227.5,away,away,4.179999999999993,21,223.36,241
202401190NOP,115.41,109,111.12,123,-2.5,235.5,home,away,-4.289999999999992,14,226.53,232
202212110HOU,111.91,97,112.7,92,10.0,227.0,away,home,0.7900000000000063,-5,224.61,189
202404070BOS,126.92,124,104.65,107,-17.0,216.0,home,home,-22.269999999999996,-17,231.57,231
